CourseCategory,EnrollmentCount,CourseRevenue,NumCourses,CourseRating,CoursePrice
AI & ML,1635,93796.51,29,4.308275862068966,59.645172413793105
Business,2118,110082.08,39,4.233589743589744,56.65666666666667
Cloud & DevOps,1137,55824.34,21,4.239047619047619,55.70428571428571
Cybersecurity,1045,60899.88,23,4.285652173913043,64.77260869565217
Data Science,4152,227619.81,78,4.197435897435897,61.52846153846154
Design,1862,102697.55,37,4.174594594594595,61.8818918918919
Finance,1568,80989.28,28,4.265357142857143,53.56142857142857
Marketing,1885,125572.59,40,4.17925,73.74
Programming,1868,103060.37,34,4.266176470588236,56.1664705882353
Soft Skills,1230,68784.85,21,4.403333333333333,58.0852380952381
