TeacherID,Expertise,YearsOfExperience,TeacherRating
T0001,UI/UX Design,13,3.7
T0002,Web Development,9,4.83
T0003,Artificial Intelligence,15,3.63
T0004,Leadership,13,3.46
T0005,SQL & Databases,1,4.08
T0006,Cloud Computing,7,4.97
T0007,Artificial Intelligence,9,3.64
T0008,Business Analytics,24,4.41
T0009,UI/UX Design,1,4.57
T0010,Project Management,12,3.63
T0011,Python Programming,8,4.51
T0012,UI/UX Design,24,3.86
T0013,SQL & Databases,11,4.34
T0014,SQL & Databases,19,4.34
T0015,Cloud Computing,17,4.16
T0016,Business Analytics,8,3.36
T0017,Web Development,3,4.7
T0018,Cloud Computing,3,3.78
T0019,Cloud Computing,1,3.54
T0020,Python Programming,5,3.27
T0021,Digital Marketing,10,4.26
T0022,Business Analytics,7,4.42
T0023,Machine Learning,9,3.23
T0024,Cloud Computing,7,4.12
T0025,JavaScript,9,3.61
T0026,Finance,8,4.36
T0027,Digital Marketing,12,3.51
T0028,Machine Learning,2,4.44
T0029,JavaScript,1,3.9
T0030,Business Analytics,16,4.89
T0031,Data Science,23,3.45
T0032,JavaScript,23,3.81
T0033,Project Management,24,3.4
T0034,Digital Marketing,5,4.86
T0035,Artificial Intelligence,3,4.78
T0036,JavaScript,12,3.66
T0037,Cybersecurity,8,4.39
T0038,Data Science,22,4.67
T0039,SQL & Databases,3,4.2
T0040,SQL & Databases,1,4.15
T0041,Leadership,3,3.64
T0042,Project Management,5,3.37
T0043,JavaScript,15,4.81
T0044,JavaScript,14,4.82
T0045,Leadership,3,4.34
T0046,Finance,1,3.81
T0047,Finance,5,3.83
T0048,Leadership,23,4.51
T0049,Finance,14,4.81
T0050,Python Programming,7,4.8
T0051,JavaScript,9,4.6
T0052,UI/UX Design,15,4.36
T0053,Web Development,15,3.35
T0054,Cybersecurity,10,3.49
T0055,Python Programming,13,4.82
T0056,Business Analytics,19,4.29
T0057,Python Programming,7,3.22
T0058,UI/UX Design,17,3.38
T0059,Business Analytics,20,4.39
T0060,Cybersecurity,4,3.21
T0061,UI/UX Design,5,3.49
T0062,Machine Learning,23,4.19
T0063,Web Development,7,4.45
T0064,Cybersecurity,13,4.37
T0065,JavaScript,15,3.6
T0066,Finance,11,4.48
T0067,Machine Learning,4,3.63
T0068,Project Management,13,3.79
T0069,Cybersecurity,7,4.54
T0070,Project Management,19,4.37
T0071,Business Analytics,22,4.73
T0072,Machine Learning,2,4.38
T0073,Web Development,10,4.22
T0074,JavaScript,13,3.37
T0075,Leadership,21,3.86
T0076,JavaScript,6,3.68
T0077,UI/UX Design,12,3.64
T0078,JavaScript,12,4.95
T0079,Artificial Intelligence,20,3.91
T0080,Cloud Computing,11,4.81
T0081,Leadership,23,4.34
T0082,Python Programming,7,4.63
T0083,Finance,1,4.1
T0084,Data Science,1,4.24
T0085,Web Development,20,4.09
T0086,Machine Learning,13,3.55
T0087,Cloud Computing,9,4.5
T0088,Web Development,3,3.71
T0089,Machine Learning,7,3.24
T0090,Finance,6,4.36
T0091,Digital Marketing,8,3.52
T0092,Digital Marketing,9,4.89
T0093,Project Management,5,4.92
T0094,Web Development,1,4.85
T0095,Digital Marketing,19,3.87
T0096,Artificial Intelligence,10,3.23
T0097,Leadership,12,4.87
T0098,Machine Learning,24,3.97
T0099,Project Management,15,4.94
T0100,JavaScript,22,4.93
T0101,Machine Learning,24,4.74
T0102,Project Management,9,3.73
T0103,Finance,20,3.89
T0104,Web Development,17,4.73
T0105,Finance,17,3.77
T0106,Leadership,20,3.51
T0107,Leadership,12,4.2
T0108,Cloud Computing,7,4.89
T0109,Finance,2,4.45
T0110,UI/UX Design,3,4.23
T0111,JavaScript,17,3.37
T0112,Cybersecurity,5,4.31
T0113,Finance,17,4.98
T0114,Cloud Computing,24,3.45
T0115,Business Analytics,17,4.13
T0116,Artificial Intelligence,17,4.78
T0117,Machine Learning,2,4.53
T0118,Leadership,2,4.45
T0119,Business Analytics,22,4.46
T0120,Cloud Computing,23,3.85
